{"cameraMode":{"drawMode":0,"name":"Shaded","section":"Shading Mode"},"sceneLighting":true,"audioPlay":false,"sceneViewState":{"showFog":true,"showMaterialUpdate":false,"showSkybox":false,"showFlares":true,"showImageEffects":true,"showParticleSystems":true},"in2DMode":false,"pivot":{"x":-10.979686737060547,"y":-5.923439025878906,"z":-10.659374237060547},"rotation":{"x":-0.10008280724287033,"y":0.8973700404167175,"z":-0.2661358714103699,"w":-0.3374643623828888},"size":170.36553955078126,"orthographic":true}