{"cameraMode":{"drawMode":0,"name":"Shaded","section":"Shading Mode"},"sceneLighting":true,"audioPlay":false,"sceneViewState":{"showFog":true,"showMaterialUpdate":false,"showSkybox":false,"showFlares":true,"showImageEffects":true,"showParticleSystems":true},"in2DMode":false,"pivot":{"x":0.5991134643554688,"y":-14.430877685546875,"z":10.986541748046875},"rotation":{"x":-0.152532160282135,"y":0.8420243263244629,"z":-0.3100467622280121,"w":-0.41424643993377688},"size":141.75531005859376,"orthographic":false}